
{
  "model": {
  "type": "minecraft:range_dispatch",
  "fallback": {
    "type": "minecraft:model",
    "model": "minecraft:item/golden_axe"
  },
  "property": "minecraft:custom_model_data",
  "entries": [

      {"model": {"type": "minecraft:model", "model": "soulpack:item/soul_sword_damage"}, "threshold": 1},
      {"model": {"type": "minecraft:model", "model": "tooltrims:item/trims/golden_axe_linear_amethyst"}, "threshold": 311001.0},
      {"model": {"type": "minecraft:model", "model": "tooltrims:item/trims/golden_axe_linear_copper"}, "threshold": 311002.0},
      {"model": {"type": "minecraft:model", "model": "tooltrims:item/trims/golden_axe_linear_diamond"}, "threshold": 311003.0},
      {"model": {"type": "minecraft:model", "model": "tooltrims:item/trims/golden_axe_linear_emerald"}, "threshold": 311004.0},
      {"model": {"type": "minecraft:model", "model": "tooltrims:item/trims/golden_axe_linear_gold"}, "threshold": 311005.0},
      {"model": {"type": "minecraft:model", "model": "tooltrims:item/trims/golden_axe_linear_iron"}, "threshold": 311006.0},
      {"model": {"type": "minecraft:model", "model": "tooltrims:item/trims/golden_axe_linear_lapis"}, "threshold": 311007.0},
      {"model": {"type": "minecraft:model", "model": "tooltrims:item/trims/golden_axe_linear_netherite"}, "threshold": 311008.0},
      {"model": {"type": "minecraft:model", "model": "tooltrims:item/trims/golden_axe_linear_quartz"}, "threshold": 311009.0},
      {"model": {"type": "minecraft:model", "model": "tooltrims:item/trims/golden_axe_linear_redstone"}, "threshold": 311010.0},
      {"model": {"type": "minecraft:model", "model": "tooltrims:item/trims/golden_axe_tracks_amethyst"}, "threshold": 311011.0},
      {"model": {"type": "minecraft:model", "model": "tooltrims:item/trims/golden_axe_tracks_copper"}, "threshold": 311012.0},
      {"model": {"type": "minecraft:model", "model": "tooltrims:item/trims/golden_axe_tracks_diamond"}, "threshold": 311013.0},
      {"model": {"type": "minecraft:model", "model": "tooltrims:item/trims/golden_axe_tracks_emerald"}, "threshold": 311014.0},
      {"model": {"type": "minecraft:model", "model": "tooltrims:item/trims/golden_axe_tracks_gold"}, "threshold": 311015.0},
      {"model": {"type": "minecraft:model", "model": "tooltrims:item/trims/golden_axe_tracks_iron"}, "threshold": 311016.0},
      {"model": {"type": "minecraft:model", "model": "tooltrims:item/trims/golden_axe_tracks_lapis"}, "threshold": 311017.0},
      {"model": {"type": "minecraft:model", "model": "tooltrims:item/trims/golden_axe_tracks_netherite"}, "threshold": 311018.0},
      {"model": {"type": "minecraft:model", "model": "tooltrims:item/trims/golden_axe_tracks_quartz"}, "threshold": 311019.0},
      {"model": {"type": "minecraft:model", "model": "tooltrims:item/trims/golden_axe_tracks_redstone"}, "threshold": 311020.0},
      {"model": {"type": "minecraft:model", "model": "tooltrims:item/trims/golden_axe_charge_amethyst"}, "threshold": 311021.0},
      {"model": {"type": "minecraft:model", "model": "tooltrims:item/trims/golden_axe_charge_copper"}, "threshold": 311022.0},
      {"model": {"type": "minecraft:model", "model": "tooltrims:item/trims/golden_axe_charge_diamond"}, "threshold": 311023.0},
      {"model": {"type": "minecraft:model", "model": "tooltrims:item/trims/golden_axe_charge_emerald"}, "threshold": 311024.0},
      {"model": {"type": "minecraft:model", "model": "tooltrims:item/trims/golden_axe_charge_gold"}, "threshold": 311025.0},
      {"model": {"type": "minecraft:model", "model": "tooltrims:item/trims/golden_axe_charge_iron"}, "threshold": 311026.0},
      {"model": {"type": "minecraft:model", "model": "tooltrims:item/trims/golden_axe_charge_lapis"}, "threshold": 311027.0},
      {"model": {"type": "minecraft:model", "model": "tooltrims:item/trims/golden_axe_charge_netherite"}, "threshold": 311028.0},
      {"model": {"type": "minecraft:model", "model": "tooltrims:item/trims/golden_axe_charge_quartz"}, "threshold": 311029.0},
      {"model": {"type": "minecraft:model", "model": "tooltrims:item/trims/golden_axe_charge_redstone"}, "threshold": 311030.0},
      {"model": {"type": "minecraft:model", "model": "tooltrims:item/trims/golden_axe_frost_amethyst"}, "threshold": 311031.0},
      {"model": {"type": "minecraft:model", "model": "tooltrims:item/trims/golden_axe_frost_copper"}, "threshold": 311032.0},
      {"model": {"type": "minecraft:model", "model": "tooltrims:item/trims/golden_axe_frost_diamond"}, "threshold": 311033.0},
      {"model": {"type": "minecraft:model", "model": "tooltrims:item/trims/golden_axe_frost_emerald"}, "threshold": 311034.0},
      {"model": {"type": "minecraft:model", "model": "tooltrims:item/trims/golden_axe_frost_gold"}, "threshold": 311035.0},
      {"model": {"type": "minecraft:model", "model": "tooltrims:item/trims/golden_axe_frost_iron"}, "threshold": 311036.0},
      {"model": {"type": "minecraft:model", "model": "tooltrims:item/trims/golden_axe_frost_lapis"}, "threshold": 311037.0},
      {"model": {"type": "minecraft:model", "model": "tooltrims:item/trims/golden_axe_frost_netherite"}, "threshold": 311038.0},
      {"model": {"type": "minecraft:model", "model": "tooltrims:item/trims/golden_axe_frost_quartz"}, "threshold": 311039.0},
      {"model": {"type": "minecraft:model", "model": "tooltrims:item/trims/golden_axe_frost_redstone"}, "threshold": 311040.0},
      {"model": {"type": "minecraft:model", "model": "tooltrims:item/trims/golden_axe_linear_resin"}, "threshold": 311041.0},
      {"model": {"type": "minecraft:model", "model": "tooltrims:item/trims/golden_axe_tracks_resin"}, "threshold": 311042.0},
      {"model": {"type": "minecraft:model", "model": "tooltrims:item/trims/golden_axe_charge_resin"}, "threshold": 311043.0},
      {"model": {"type": "minecraft:model", "model": "tooltrims:item/trims/golden_axe_frost_resin"}, "threshold": 311044.0}
    ]
  }
}
