{
	"credit": "Made with Blockbench",
	"texture_size": [32, 32],
	"textures": {
		"0": "soulpack:item/crown/gold/texturetop",
		"particle": "soulpack:item/crown/gold/texturetop"
	},
	"elements": [
		{
			"from": [3, -1, 4],
			"to": [12, 0, 5],
			"rotation": {"angle": 0, "axis": "y", "origin": [5, 0, 2]},
			"faces": {
				"north": {"uv": [0, 0, 4.5, 0.5], "texture": "#0"},
				"east": {"uv": [5.5, 6.5, 6, 7], "texture": "#0"},
				"south": {"uv": [0, 0.5, 4.5, 1], "texture": "#0"},
				"west": {"uv": [6.5, 5.5, 7, 6], "texture": "#0"},
				"up": {"uv": [4.5, 1.5, 0, 1], "texture": "#0"},
				"down": {"uv": [4.5, 1.5, 0, 2], "texture": "#0"}
			}
		},
		{
			"from": [3, -1, 5],
			"to": [4, 0, 14],
			"rotation": {"angle": 0, "axis": "y", "origin": [5, 0, 3]},
			"faces": {
				"north": {"uv": [6, 6.5, 6.5, 7], "texture": "#0"},
				"east": {"uv": [0, 2, 4.5, 2.5], "texture": "#0"},
				"south": {"uv": [6.5, 6, 7, 6.5], "texture": "#0"},
				"west": {"uv": [0, 2.5, 4.5, 3], "texture": "#0"},
				"up": {"uv": [0.5, 7.5, 0, 3], "texture": "#0"},
				"down": {"uv": [1, 3, 0.5, 7.5], "texture": "#0"}
			}
		},
		{
			"from": [12, -1, 4],
			"to": [13, 0, 13],
			"rotation": {"angle": 0, "axis": "y", "origin": [14, 0, 3]},
			"faces": {
				"north": {"uv": [6.5, 6.5, 7, 7], "texture": "#0"},
				"east": {"uv": [1, 3, 5.5, 3.5], "texture": "#0"},
				"south": {"uv": [7, 1.5, 7.5, 2], "texture": "#0"},
				"west": {"uv": [1, 3.5, 5.5, 4], "texture": "#0"},
				"up": {"uv": [1.5, 8.5, 1, 4], "texture": "#0"},
				"down": {"uv": [2, 4, 1.5, 8.5], "texture": "#0"}
			}
		},
		{
			"from": [4, -1, 13],
			"to": [13, 0, 14],
			"rotation": {"angle": 0, "axis": "y", "origin": [5, 0, -3]},
			"faces": {
				"north": {"uv": [2, 4, 6.5, 4.5], "texture": "#0"},
				"east": {"uv": [2, 7, 2.5, 7.5], "texture": "#0"},
				"south": {"uv": [4.5, 0, 9, 0.5], "texture": "#0"},
				"west": {"uv": [7, 2, 7.5, 2.5], "texture": "#0"},
				"up": {"uv": [9, 1, 4.5, 0.5], "texture": "#0"},
				"down": {"uv": [9, 1, 4.5, 1.5], "texture": "#0"}
			}
		},
		{
			"from": [7, 0, 4],
			"to": [9, 2, 5],
			"rotation": {"angle": 0, "axis": "y", "origin": [9, 1, 2]},
			"faces": {
				"north": {"uv": [4.5, 1.5, 5.5, 2.5], "texture": "#0"},
				"east": {"uv": [5, 4.5, 5.5, 5.5], "texture": "#0"},
				"south": {"uv": [2, 4.5, 3, 5.5], "texture": "#0"},
				"west": {"uv": [5.5, 1.5, 6, 2.5], "texture": "#0"},
				"up": {"uv": [5.5, 3, 4.5, 2.5], "texture": "#0"},
				"down": {"uv": [3, 5.5, 2, 6], "texture": "#0"}
			}
		},
		{
			"from": [3, 0, 4],
			"to": [4, 2, 5],
			"rotation": {"angle": 0, "axis": "y", "origin": [5, 1, 2]},
			"faces": {
				"north": {"uv": [5.5, 2.5, 6, 3.5], "texture": "#0"},
				"east": {"uv": [3, 5.5, 3.5, 6.5], "texture": "#0"},
				"south": {"uv": [3.5, 5.5, 4, 6.5], "texture": "#0"},
				"west": {"uv": [4, 5.5, 4.5, 6.5], "texture": "#0"},
				"up": {"uv": [3, 7.5, 2.5, 7], "texture": "#0"},
				"down": {"uv": [7.5, 2.5, 7, 3], "texture": "#0"}
			}
		},
		{
			"from": [12, 0, 4],
			"to": [13, 2, 5],
			"rotation": {"angle": 0, "axis": "y", "origin": [14, 1, 2]},
			"faces": {
				"north": {"uv": [4.5, 5.5, 5, 6.5], "texture": "#0"},
				"east": {"uv": [5.5, 4.5, 6, 5.5], "texture": "#0"},
				"south": {"uv": [5, 5.5, 5.5, 6.5], "texture": "#0"},
				"west": {"uv": [5.5, 5.5, 6, 6.5], "texture": "#0"},
				"up": {"uv": [7.5, 3.5, 7, 3], "texture": "#0"},
				"down": {"uv": [4.5, 7, 4, 7.5], "texture": "#0"}
			}
		},
		{
			"from": [3, 0, 13],
			"to": [4, 2, 14],
			"rotation": {"angle": 0, "axis": "y", "origin": [5, 1, 11]},
			"faces": {
				"north": {"uv": [6, 1.5, 6.5, 2.5], "texture": "#0"},
				"east": {"uv": [2, 6, 2.5, 7], "texture": "#0"},
				"south": {"uv": [2.5, 6, 3, 7], "texture": "#0"},
				"west": {"uv": [6, 2.5, 6.5, 3.5], "texture": "#0"},
				"up": {"uv": [7.5, 4.5, 7, 4], "texture": "#0"},
				"down": {"uv": [5, 7, 4.5, 7.5], "texture": "#0"}
			}
		},
		{
			"from": [12, 0, 13],
			"to": [13, 2, 14],
			"rotation": {"angle": 0, "axis": "y", "origin": [14, 0, 11]},
			"faces": {
				"north": {"uv": [6, 4.5, 6.5, 5.5], "texture": "#0"},
				"east": {"uv": [6, 5.5, 6.5, 6.5], "texture": "#0"},
				"south": {"uv": [6.5, 1.5, 7, 2.5], "texture": "#0"},
				"west": {"uv": [6.5, 2.5, 7, 3.5], "texture": "#0"},
				"up": {"uv": [7.5, 5, 7, 4.5], "texture": "#0"},
				"down": {"uv": [5.5, 7, 5, 7.5], "texture": "#0"}
			}
		},
		{
			"from": [7, 0, 13],
			"to": [9, 2, 14],
			"rotation": {"angle": 0, "axis": "y", "origin": [9, 1, 11]},
			"faces": {
				"north": {"uv": [3, 4.5, 4, 5.5], "texture": "#0"},
				"east": {"uv": [3, 6.5, 3.5, 7.5], "texture": "#0"},
				"south": {"uv": [4, 4.5, 5, 5.5], "texture": "#0"},
				"west": {"uv": [3.5, 6.5, 4, 7.5], "texture": "#0"},
				"up": {"uv": [6.5, 4, 5.5, 3.5], "texture": "#0"},
				"down": {"uv": [7.5, 3.5, 6.5, 4], "texture": "#0"}
			}
		},
		{
			"from": [4, 0, 4],
			"to": [5, 1, 5],
			"rotation": {"angle": 0, "axis": "y", "origin": [6, 1, 2]},
			"faces": {
				"north": {"uv": [7, 5, 7.5, 5.5], "texture": "#0"},
				"east": {"uv": [5.5, 7, 6, 7.5], "texture": "#0"},
				"south": {"uv": [7, 5.5, 7.5, 6], "texture": "#0"},
				"west": {"uv": [6, 7, 6.5, 7.5], "texture": "#0"},
				"up": {"uv": [7.5, 6.5, 7, 6], "texture": "#0"},
				"down": {"uv": [7, 7, 6.5, 7.5], "texture": "#0"}
			}
		},
		{
			"from": [4, 0, 13],
			"to": [5, 1, 14],
			"rotation": {"angle": 0, "axis": "y", "origin": [6, 1, 11]},
			"faces": {
				"north": {"uv": [7.5, 6.5, 8, 7], "texture": "#0"},
				"east": {"uv": [7, 7.5, 7.5, 8], "texture": "#0"},
				"south": {"uv": [7.5, 7, 8, 7.5], "texture": "#0"},
				"west": {"uv": [7.5, 7.5, 8, 8], "texture": "#0"},
				"up": {"uv": [0.5, 8.5, 0, 8], "texture": "#0"},
				"down": {"uv": [1, 8, 0.5, 8.5], "texture": "#0"}
			}
		},
		{
			"from": [11, 0, 13],
			"to": [12, 1, 14],
			"rotation": {"angle": 0, "axis": "y", "origin": [13, 1, 11]},
			"faces": {
				"north": {"uv": [8, 1.5, 8.5, 2], "texture": "#0"},
				"east": {"uv": [2, 8, 2.5, 8.5], "texture": "#0"},
				"south": {"uv": [8, 2, 8.5, 2.5], "texture": "#0"},
				"west": {"uv": [2.5, 8, 3, 8.5], "texture": "#0"},
				"up": {"uv": [8.5, 3, 8, 2.5], "texture": "#0"},
				"down": {"uv": [3.5, 8, 3, 8.5], "texture": "#0"}
			}
		},
		{
			"from": [11, 0, 4],
			"to": [12, 1, 5],
			"rotation": {"angle": 0, "axis": "y", "origin": [13, 1, 2]},
			"faces": {
				"north": {"uv": [7.5, 2, 8, 2.5], "texture": "#0"},
				"east": {"uv": [2.5, 7.5, 3, 8], "texture": "#0"},
				"south": {"uv": [7.5, 2.5, 8, 3], "texture": "#0"},
				"west": {"uv": [3, 7.5, 3.5, 8], "texture": "#0"},
				"up": {"uv": [8, 3.5, 7.5, 3], "texture": "#0"},
				"down": {"uv": [4, 7.5, 3.5, 8], "texture": "#0"}
			}
		},
		{
			"from": [3, 0, 5],
			"to": [4, 1, 6],
			"rotation": {"angle": 0, "axis": "y", "origin": [5, 1, 3]},
			"faces": {
				"north": {"uv": [7, 6.5, 7.5, 7], "texture": "#0"},
				"east": {"uv": [7, 7, 7.5, 7.5], "texture": "#0"},
				"south": {"uv": [0, 7.5, 0.5, 8], "texture": "#0"},
				"west": {"uv": [0.5, 7.5, 1, 8], "texture": "#0"},
				"up": {"uv": [8, 2, 7.5, 1.5], "texture": "#0"},
				"down": {"uv": [2.5, 7.5, 2, 8], "texture": "#0"}
			}
		},
		{
			"from": [3, 0, 7],
			"to": [4, 1, 8],
			"rotation": {"angle": 0, "axis": "y", "origin": [5, 1, 5]},
			"faces": {
				"north": {"uv": [4, 6.5, 4.5, 7], "texture": "#0"},
				"east": {"uv": [6.5, 4, 7, 4.5], "texture": "#0"},
				"south": {"uv": [4.5, 6.5, 5, 7], "texture": "#0"},
				"west": {"uv": [6.5, 4.5, 7, 5], "texture": "#0"},
				"up": {"uv": [5.5, 7, 5, 6.5], "texture": "#0"},
				"down": {"uv": [7, 5, 6.5, 5.5], "texture": "#0"}
			}
		},
		{
			"from": [12, 0, 7],
			"to": [13, 1, 8],
			"rotation": {"angle": 0, "axis": "y", "origin": [14, 1, 5]},
			"faces": {
				"north": {"uv": [8, 7.5, 8.5, 8], "texture": "#0"},
				"east": {"uv": [8, 8, 8.5, 8.5], "texture": "#0"},
				"south": {"uv": [0, 8.5, 0.5, 9], "texture": "#0"},
				"west": {"uv": [0.5, 8.5, 1, 9], "texture": "#0"},
				"up": {"uv": [1.5, 9, 1, 8.5], "texture": "#0"},
				"down": {"uv": [2, 8.5, 1.5, 9], "texture": "#0"}
			}
		},
		{
			"from": [3, 0, 12],
			"to": [4, 1, 13],
			"rotation": {"angle": 0, "axis": "y", "origin": [5, 1, 10]},
			"faces": {
				"north": {"uv": [7.5, 3.5, 8, 4], "texture": "#0"},
				"east": {"uv": [4, 7.5, 4.5, 8], "texture": "#0"},
				"south": {"uv": [7.5, 4, 8, 4.5], "texture": "#0"},
				"west": {"uv": [4.5, 7.5, 5, 8], "texture": "#0"},
				"up": {"uv": [8, 5, 7.5, 4.5], "texture": "#0"},
				"down": {"uv": [5.5, 7.5, 5, 8], "texture": "#0"}
			}
		},
		{
			"from": [3, 0, 10],
			"to": [4, 1, 11],
			"rotation": {"angle": 0, "axis": "y", "origin": [5, 1, 8]},
			"faces": {
				"north": {"uv": [8, 4.5, 8.5, 5], "texture": "#0"},
				"east": {"uv": [5, 8, 5.5, 8.5], "texture": "#0"},
				"south": {"uv": [8, 5, 8.5, 5.5], "texture": "#0"},
				"west": {"uv": [5.5, 8, 6, 8.5], "texture": "#0"},
				"up": {"uv": [8.5, 6, 8, 5.5], "texture": "#0"},
				"down": {"uv": [6.5, 8, 6, 8.5], "texture": "#0"}
			}
		},
		{
			"from": [12, 0, 10],
			"to": [13, 1, 11],
			"rotation": {"angle": 0, "axis": "y", "origin": [14, 1, 8]},
			"faces": {
				"north": {"uv": [8, 6, 8.5, 6.5], "texture": "#0"},
				"east": {"uv": [6.5, 8, 7, 8.5], "texture": "#0"},
				"south": {"uv": [8, 6.5, 8.5, 7], "texture": "#0"},
				"west": {"uv": [7, 8, 7.5, 8.5], "texture": "#0"},
				"up": {"uv": [8.5, 7.5, 8, 7], "texture": "#0"},
				"down": {"uv": [8, 8, 7.5, 8.5], "texture": "#0"}
			}
		},
		{
			"from": [12, 0, 12],
			"to": [13, 1, 13],
			"rotation": {"angle": 0, "axis": "y", "origin": [14, 1, 10]},
			"faces": {
				"north": {"uv": [7.5, 5, 8, 5.5], "texture": "#0"},
				"east": {"uv": [5.5, 7.5, 6, 8], "texture": "#0"},
				"south": {"uv": [7.5, 5.5, 8, 6], "texture": "#0"},
				"west": {"uv": [6, 7.5, 6.5, 8], "texture": "#0"},
				"up": {"uv": [8, 6.5, 7.5, 6], "texture": "#0"},
				"down": {"uv": [7, 7.5, 6.5, 8], "texture": "#0"}
			}
		},
		{
			"from": [12, 0, 5],
			"to": [13, 1, 6],
			"rotation": {"angle": 0, "axis": "y", "origin": [14, 1, 3]},
			"faces": {
				"north": {"uv": [8, 3, 8.5, 3.5], "texture": "#0"},
				"east": {"uv": [3.5, 8, 4, 8.5], "texture": "#0"},
				"south": {"uv": [8, 3.5, 8.5, 4], "texture": "#0"},
				"west": {"uv": [4, 8, 4.5, 8.5], "texture": "#0"},
				"up": {"uv": [8.5, 4.5, 8, 4], "texture": "#0"},
				"down": {"uv": [5, 8, 4.5, 8.5], "texture": "#0"}
			}
		}
	],
	"display": {
		"thirdperson_righthand": {
			"rotation": [35, 0, 0],
			"translation": [0, 3.5, 2.5],
			"scale": [0.5, 0.5, 0.5]
		},
		"thirdperson_lefthand": {
			"rotation": [35, 0, 0],
			"translation": [0, 3.5, 2.5],
			"scale": [0.5, 0.5, 0.5]
		},
		"firstperson_righthand": {
			"rotation": [0, 159, 0],
			"translation": [0, 9.25, 0]
		},
		"firstperson_lefthand": {
			"rotation": [0, 159, 0],
			"translation": [0, 9.25, 0]
		},
		"ground": {
			"translation": [0, 6, 0]
		},
		"gui": {
			"rotation": [0, 147, 0],
			"translation": [0, 9, 0],
			"scale": [1.4, 1.4, 1.4]
		},
		"head": {
			"translation": [0, 18, -1.75],
			"scale": [1.5, 1.5, 1.5]
		},
		"fixed": {
			"rotation": [-90, 0, 0],
			"translation": [0, 0, -11.5],
			"scale": [1.5, 1.5, 1.5]
		}
	}
}